,Country code,Country name,Series code,Series name,Value,Year
3732,ALB,Albania,EN.CLC.HCDM,Hosted Clean Development Mechanism (CDM) projects,1,2011
3733,ARE,United Arab Emirates,EN.CLC.HCDM,Hosted Clean Development Mechanism (CDM) projects,5,2011
3734,ARG,Argentina,EN.CLC.HCDM,Hosted Clean Development Mechanism (CDM) projects,24,2011
3735,ARM,Armenia,EN.CLC.HCDM,Hosted Clean Development Mechanism (CDM) projects,5,2011
3740,AZE,Azerbaijan,EN.CLC.HCDM,Hosted Clean Development Mechanism (CDM) projects,1,2011
3745,BGD,Bangladesh,EN.CLC.HCDM,Hosted Clean Development Mechanism (CDM) projects,2,2011
3748,BHS,Bahamas,EN.CLC.HCDM,Hosted Clean Development Mechanism (CDM) projects,0,2011
3753,BOL,Bolivia,EN.CLC.HCDM,Hosted Clean Development Mechanism (CDM) projects,4,2011
3754,BRA,Brazil,EN.CLC.HCDM,Hosted Clean Development Mechanism (CDM) projects,196,2011
3757,BTN,Bhutan,EN.CLC.HCDM,Hosted Clean Development Mechanism (CDM) projects,2,2011
3763,CHL,Chile,EN.CLC.HCDM,Hosted Clean Development Mechanism (CDM) projects,51,2011
3764,CHN,China,EN.CLC.HCDM,Hosted Clean Development Mechanism (CDM) projects,"1,604",2011
3765,CIV,Cote d'Ivoire,EN.CLC.HCDM,Hosted Clean Development Mechanism (CDM) projects,3,2011
3766,CMR,Cameroon,EN.CLC.HCDM,Hosted Clean Development Mechanism (CDM) projects,2,2011
3769,COL,Colombia,EN.CLC.HCDM,Hosted Clean Development Mechanism (CDM) projects,34,2011
3771,CPV,Cape Verde,EN.CLC.HCDM,Hosted Clean Development Mechanism (CDM) projects,0,2011
3772,CRI,Costa Rica,EN.CLC.HCDM,Hosted Clean Development Mechanism (CDM) projects,8,2011
3773,CUB,Cuba,EN.CLC.HCDM,Hosted Clean Development Mechanism (CDM) projects,2,2011
3776,CYP,Cyprus,EN.CLC.HCDM,Hosted Clean Development Mechanism (CDM) projects,8,2011
3782,DOM,Dominican Republic,EN.CLC.HCDM,Hosted Clean Development Mechanism (CDM) projects,2,2011
3786,ECU,Ecuador,EN.CLC.HCDM,Hosted Clean Development Mechanism (CDM) projects,17,2011
3787,EGY,Egypt,EN.CLC.HCDM,Hosted Clean Development Mechanism (CDM) projects,9,2011
3792,ETH,Ethiopia,EN.CLC.HCDM,Hosted Clean Development Mechanism (CDM) projects,1,2011
3794,FJI,Fiji,EN.CLC.HCDM,Hosted Clean Development Mechanism (CDM) projects,2,2011
3800,GEO,Georgia,EN.CLC.HCDM,Hosted Clean Development Mechanism (CDM) projects,2,2011
3801,GHA,Ghana,EN.CLC.HCDM,Hosted Clean Development Mechanism (CDM) projects,0,2011
3806,GNQ,Equatorial Guinea,EN.CLC.HCDM,Hosted Clean Development Mechanism (CDM) projects,0,2011
3810,GTM,Guatemala,EN.CLC.HCDM,Hosted Clean Development Mechanism (CDM) projects,11,2011
3812,GUY,Guyana,EN.CLC.HCDM,Hosted Clean Development Mechanism (CDM) projects,1,2011
3815,HND,Honduras,EN.CLC.HCDM,Hosted Clean Development Mechanism (CDM) projects,19,2011
3819,IDN,Indonesia,EN.CLC.HCDM,Hosted Clean Development Mechanism (CDM) projects,70,2011
3821,IND,India,EN.CLC.HCDM,Hosted Clean Development Mechanism (CDM) projects,727,2011
3823,IRN,Iran,EN.CLC.HCDM,Hosted Clean Development Mechanism (CDM) projects,7,2011
3826,ISR,Israel,EN.CLC.HCDM,Hosted Clean Development Mechanism (CDM) projects,22,2011
3828,JAM,Jamaica,EN.CLC.HCDM,Hosted Clean Development Mechanism (CDM) projects,1,2011
3829,JOR,Jordan,EN.CLC.HCDM,Hosted Clean Development Mechanism (CDM) projects,2,2011
3832,KEN,Kenya,EN.CLC.HCDM,Hosted Clean Development Mechanism (CDM) projects,5,2011
3833,KGZ,Kyrgyzstan,EN.CLC.HCDM,Hosted Clean Development Mechanism (CDM) projects,0,2011
3834,KHM,Cambodia,EN.CLC.HCDM,Hosted Clean Development Mechanism (CDM) projects,5,2011
3837,KOR,South Korea,EN.CLC.HCDM,Hosted Clean Development Mechanism (CDM) projects,64,2011
3841,LAO,Laos,EN.CLC.HCDM,Hosted Clean Development Mechanism (CDM) projects,1,2011
3842,LBN,Lebanon,EN.CLC.HCDM,Hosted Clean Development Mechanism (CDM) projects,0,2011
3843,LBR,Liberia,EN.CLC.HCDM,Hosted Clean Development Mechanism (CDM) projects,1,2011
3844,LBY,Libya,EN.CLC.HCDM,Hosted Clean Development Mechanism (CDM) projects,0,2011
3848,LKA,Sri Lanka,EN.CLC.HCDM,Hosted Clean Development Mechanism (CDM) projects,7,2011
3851,LSO,Lesotho,EN.CLC.HCDM,Hosted Clean Development Mechanism (CDM) projects,0,2011
3857,MAR,Morocco,EN.CLC.HCDM,Hosted Clean Development Mechanism (CDM) projects,6,2011
3859,MDA,Moldova,EN.CLC.HCDM,Hosted Clean Development Mechanism (CDM) projects,4,2011
3860,MDG,Madagascar,EN.CLC.HCDM,Hosted Clean Development Mechanism (CDM) projects,1,2011
3862,MEX,Mexico,EN.CLC.HCDM,Hosted Clean Development Mechanism (CDM) projects,132,2011
3865,MKD,Macedonia,EN.CLC.HCDM,Hosted Clean Development Mechanism (CDM) projects,1,2011
3866,MLI,Mali,EN.CLC.HCDM,Hosted Clean Development Mechanism (CDM) projects,1,2011
3868,MMR,Myanmar,EN.CLC.HCDM,Hosted Clean Development Mechanism (CDM) projects,0,2011
3871,MNG,Mongolia,EN.CLC.HCDM,Hosted Clean Development Mechanism (CDM) projects,3,2011
3873,MOZ,Mozambique,EN.CLC.HCDM,Hosted Clean Development Mechanism (CDM) projects,0,2011
3875,MUS,Mauritius,EN.CLC.HCDM,Hosted Clean Development Mechanism (CDM) projects,0,2011
3877,MYS,Malaysia,EN.CLC.HCDM,Hosted Clean Development Mechanism (CDM) projects,101,2011
3882,NGA,Nigeria,EN.CLC.HCDM,Hosted Clean Development Mechanism (CDM) projects,5,2011
3883,NIC,Nicaragua,EN.CLC.HCDM,Hosted Clean Development Mechanism (CDM) projects,5,2011
3887,NPL,Nepal,EN.CLC.HCDM,Hosted Clean Development Mechanism (CDM) projects,4,2011
3890,OMN,Oman,EN.CLC.HCDM,Hosted Clean Development Mechanism (CDM) projects,0,2011
3891,PAK,Pakistan,EN.CLC.HCDM,Hosted Clean Development Mechanism (CDM) projects,12,2011
3892,PAN,Panama,EN.CLC.HCDM,Hosted Clean Development Mechanism (CDM) projects,7,2011
3893,PER,Peru,EN.CLC.HCDM,Hosted Clean Development Mechanism (CDM) projects,25,2011
3894,PHL,Philippines,EN.CLC.HCDM,Hosted Clean Development Mechanism (CDM) projects,57,2011
3896,PNG,Papua New Guinea,EN.CLC.HCDM,Hosted Clean Development Mechanism (CDM) projects,1,2011
3899,PRK,North Korea,EN.CLC.HCDM,Hosted Clean Development Mechanism (CDM) projects,0,2011
3901,PRY,Paraguay,EN.CLC.HCDM,Hosted Clean Development Mechanism (CDM) projects,2,2011
3903,QAT,Qatar,EN.CLC.HCDM,Hosted Clean Development Mechanism (CDM) projects,1,2011
3906,RWA,Rwanda,EN.CLC.HCDM,Hosted Clean Development Mechanism (CDM) projects,3,2011
3908,SAU,Saudi Arabia,EN.CLC.HCDM,Hosted Clean Development Mechanism (CDM) projects,0,2011
3909,SDN,Sudan,EN.CLC.HCDM,Hosted Clean Development Mechanism (CDM) projects,0,2011
3910,SEN,Senegal,EN.CLC.HCDM,Hosted Clean Development Mechanism (CDM) projects,1,2011
3911,SGP,Singapore,EN.CLC.HCDM,Hosted Clean Development Mechanism (CDM) projects,2,2011
3914,SLE,Sierra Leone,EN.CLC.HCDM,Hosted Clean Development Mechanism (CDM) projects,0,2011
3915,SLV,El Salvador,EN.CLC.HCDM,Hosted Clean Development Mechanism (CDM) projects,6,2011
3918,SRB,Serbia,EN.CLC.HCDM,Hosted Clean Development Mechanism (CDM) projects,0,2011
3925,SWZ,Swaziland,EN.CLC.HCDM,Hosted Clean Development Mechanism (CDM) projects,0,2011
3928,SYR,Syria,EN.CLC.HCDM,Hosted Clean Development Mechanism (CDM) projects,3,2011
3931,TGO,Togo,EN.CLC.HCDM,Hosted Clean Development Mechanism (CDM) projects,0,2011
3932,THA,Thailand,EN.CLC.HCDM,Hosted Clean Development Mechanism (CDM) projects,55,2011
3933,TJK,Tajikistan,EN.CLC.HCDM,Hosted Clean Development Mechanism (CDM) projects,0,2011
3938,TUN,Tunisia,EN.CLC.HCDM,Hosted Clean Development Mechanism (CDM) projects,2,2011
3941,TZA,Tanzania,EN.CLC.HCDM,Hosted Clean Development Mechanism (CDM) projects,1,2011
3942,UGA,Uganda,EN.CLC.HCDM,Hosted Clean Development Mechanism (CDM) projects,5,2011
3945,URY,Uruguay,EN.CLC.HCDM,Hosted Clean Development Mechanism (CDM) projects,6,2011
3947,UZB,Uzbekistan,EN.CLC.HCDM,Hosted Clean Development Mechanism (CDM) projects,11,2011
3951,VNM,Vietnam,EN.CLC.HCDM,Hosted Clean Development Mechanism (CDM) projects,78,2011
3956,YEM,Yemen,EN.CLC.HCDM,Hosted Clean Development Mechanism (CDM) projects,0,2011
3957,ZAF,South Africa,EN.CLC.HCDM,Hosted Clean Development Mechanism (CDM) projects,20,2011
3958,ZAR,"Congo, Dem. Rep.",EN.CLC.HCDM,Hosted Clean Development Mechanism (CDM) projects,2,2011
3959,ZMB,Zambia,EN.CLC.HCDM,Hosted Clean Development Mechanism (CDM) projects,1,2011
3960,ZWE,Zimbabwe,EN.CLC.HCDM,Hosted Clean Development Mechanism (CDM) projects,0,2011
4431,ALB,Albania,EN.CLC.ICER,Issued Certified Emission Reductions (CERs) from CDM (thousands),0,2011
4432,ARE,United Arab Emirates,EN.CLC.ICER,Issued Certified Emission Reductions (CERs) from CDM (thousands),80,2011
4433,ARG,Argentina,EN.CLC.ICER,Issued Certified Emission Reductions (CERs) from CDM (thousands),"7,697",2011
4434,ARM,Armenia,EN.CLC.ICER,Issued Certified Emission Reductions (CERs) from CDM (thousands),12,2011
4439,AZE,Azerbaijan,EN.CLC.ICER,Issued Certified Emission Reductions (CERs) from CDM (thousands),0,2011
4444,BGD,Bangladesh,EN.CLC.ICER,Issued Certified Emission Reductions (CERs) from CDM (thousands),0,2011
4447,BHS,Bahamas,EN.CLC.ICER,Issued Certified Emission Reductions (CERs) from CDM (thousands),0,2011
4452,BOL,Bolivia,EN.CLC.ICER,Issued Certified Emission Reductions (CERs) from CDM (thousands),"1,118",2011
4453,BRA,Brazil,EN.CLC.ICER,Issued Certified Emission Reductions (CERs) from CDM (thousands),"57,990",2011
4456,BTN,Bhutan,EN.CLC.ICER,Issued Certified Emission Reductions (CERs) from CDM (thousands),0,2011
4462,CHL,Chile,EN.CLC.ICER,Issued Certified Emission Reductions (CERs) from CDM (thousands),"7,307",2011
4463,CHN,China,EN.CLC.ICER,Issued Certified Emission Reductions (CERs) from CDM (thousands),"430,696",2011
4464,CIV,Cote d'Ivoire,EN.CLC.ICER,Issued Certified Emission Reductions (CERs) from CDM (thousands),0,2011
4465,CMR,Cameroon,EN.CLC.ICER,Issued Certified Emission Reductions (CERs) from CDM (thousands),0,2011
4468,COL,Colombia,EN.CLC.ICER,Issued Certified Emission Reductions (CERs) from CDM (thousands),"1,094",2011
4470,CPV,Cape Verde,EN.CLC.ICER,Issued Certified Emission Reductions (CERs) from CDM (thousands),0,2011
4471,CRI,Costa Rica,EN.CLC.ICER,Issued Certified Emission Reductions (CERs) from CDM (thousands),320,2011
4472,CUB,Cuba,EN.CLC.ICER,Issued Certified Emission Reductions (CERs) from CDM (thousands),171,2011
4475,CYP,Cyprus,EN.CLC.ICER,Issued Certified Emission Reductions (CERs) from CDM (thousands),0,2011
4481,DOM,Dominican Republic,EN.CLC.ICER,Issued Certified Emission Reductions (CERs) from CDM (thousands),12,2011
4485,ECU,Ecuador,EN.CLC.ICER,Issued Certified Emission Reductions (CERs) from CDM (thousands),"1,184",2011
4486,EGY,Egypt,EN.CLC.ICER,Issued Certified Emission Reductions (CERs) from CDM (thousands),"7,012",2011
4491,ETH,Ethiopia,EN.CLC.ICER,Issued Certified Emission Reductions (CERs) from CDM (thousands),0,2011
4493,FJI,Fiji,EN.CLC.ICER,Issued Certified Emission Reductions (CERs) from CDM (thousands),36,2011
4499,GEO,Georgia,EN.CLC.ICER,Issued Certified Emission Reductions (CERs) from CDM (thousands),53,2011
4500,GHA,Ghana,EN.CLC.ICER,Issued Certified Emission Reductions (CERs) from CDM (thousands),0,2011
4505,GNQ,Equatorial Guinea,EN.CLC.ICER,Issued Certified Emission Reductions (CERs) from CDM (thousands),0,2011
4509,GTM,Guatemala,EN.CLC.ICER,Issued Certified Emission Reductions (CERs) from CDM (thousands),"1,023",2011
4511,GUY,Guyana,EN.CLC.ICER,Issued Certified Emission Reductions (CERs) from CDM (thousands),0,2011
4514,HND,Honduras,EN.CLC.ICER,Issued Certified Emission Reductions (CERs) from CDM (thousands),568,2011
4518,IDN,Indonesia,EN.CLC.ICER,Issued Certified Emission Reductions (CERs) from CDM (thousands),"3,007",2011
4520,IND,India,EN.CLC.ICER,Issued Certified Emission Reductions (CERs) from CDM (thousands),"118,184",2011
4522,IRN,Iran,EN.CLC.ICER,Issued Certified Emission Reductions (CERs) from CDM (thousands),0,2011
4525,ISR,Israel,EN.CLC.ICER,Issued Certified Emission Reductions (CERs) from CDM (thousands),"1,160",2011
4527,JAM,Jamaica,EN.CLC.ICER,Issued Certified Emission Reductions (CERs) from CDM (thousands),211,2011
4528,JOR,Jordan,EN.CLC.ICER,Issued Certified Emission Reductions (CERs) from CDM (thousands),986,2011
4531,KEN,Kenya,EN.CLC.ICER,Issued Certified Emission Reductions (CERs) from CDM (thousands),0,2011
4532,KGZ,Kyrgyzstan,EN.CLC.ICER,Issued Certified Emission Reductions (CERs) from CDM (thousands),0,2011
4533,KHM,Cambodia,EN.CLC.ICER,Issued Certified Emission Reductions (CERs) from CDM (thousands),11,2011
4536,KOR,South Korea,EN.CLC.ICER,Issued Certified Emission Reductions (CERs) from CDM (thousands),"77,317",2011
4540,LAO,Laos,EN.CLC.ICER,Issued Certified Emission Reductions (CERs) from CDM (thousands),2,2011
4541,LBN,Lebanon,EN.CLC.ICER,Issued Certified Emission Reductions (CERs) from CDM (thousands),0,2011
4542,LBR,Liberia,EN.CLC.ICER,Issued Certified Emission Reductions (CERs) from CDM (thousands),0,2011
4543,LBY,Libya,EN.CLC.ICER,Issued Certified Emission Reductions (CERs) from CDM (thousands),0,2011
4547,LKA,Sri Lanka,EN.CLC.ICER,Issued Certified Emission Reductions (CERs) from CDM (thousands),238,2011
4550,LSO,Lesotho,EN.CLC.ICER,Issued Certified Emission Reductions (CERs) from CDM (thousands),0,2011
4556,MAR,Morocco,EN.CLC.ICER,Issued Certified Emission Reductions (CERs) from CDM (thousands),330,2011
4558,MDA,Moldova,EN.CLC.ICER,Issued Certified Emission Reductions (CERs) from CDM (thousands),0,2011
4559,MDG,Madagascar,EN.CLC.ICER,Issued Certified Emission Reductions (CERs) from CDM (thousands),0,2011
4561,MEX,Mexico,EN.CLC.ICER,Issued Certified Emission Reductions (CERs) from CDM (thousands),"10,122",2011
4564,MKD,Macedonia,EN.CLC.ICER,Issued Certified Emission Reductions (CERs) from CDM (thousands),0,2011
4565,MLI,Mali,EN.CLC.ICER,Issued Certified Emission Reductions (CERs) from CDM (thousands),0,2011
4567,MMR,Myanmar,EN.CLC.ICER,Issued Certified Emission Reductions (CERs) from CDM (thousands),0,2011
4570,MNG,Mongolia,EN.CLC.ICER,Issued Certified Emission Reductions (CERs) from CDM (thousands),15,2011
4572,MOZ,Mozambique,EN.CLC.ICER,Issued Certified Emission Reductions (CERs) from CDM (thousands),0,2011
4574,MUS,Mauritius,EN.CLC.ICER,Issued Certified Emission Reductions (CERs) from CDM (thousands),0,2011
4576,MYS,Malaysia,EN.CLC.ICER,Issued Certified Emission Reductions (CERs) from CDM (thousands),"1,475",2011
4581,NGA,Nigeria,EN.CLC.ICER,Issued Certified Emission Reductions (CERs) from CDM (thousands),312,2011
4582,NIC,Nicaragua,EN.CLC.ICER,Issued Certified Emission Reductions (CERs) from CDM (thousands),602,2011
4586,NPL,Nepal,EN.CLC.ICER,Issued Certified Emission Reductions (CERs) from CDM (thousands),92,2011
4589,OMN,Oman,EN.CLC.ICER,Issued Certified Emission Reductions (CERs) from CDM (thousands),0,2011
4590,PAK,Pakistan,EN.CLC.ICER,Issued Certified Emission Reductions (CERs) from CDM (thousands),"2,983",2011
4591,PAN,Panama,EN.CLC.ICER,Issued Certified Emission Reductions (CERs) from CDM (thousands),138,2011
4592,PER,Peru,EN.CLC.ICER,Issued Certified Emission Reductions (CERs) from CDM (thousands),620,2011
4593,PHL,Philippines,EN.CLC.ICER,Issued Certified Emission Reductions (CERs) from CDM (thousands),245,2011
4595,PNG,Papua New Guinea,EN.CLC.ICER,Issued Certified Emission Reductions (CERs) from CDM (thousands),215,2011
4598,PRK,North Korea,EN.CLC.ICER,Issued Certified Emission Reductions (CERs) from CDM (thousands),0,2011
4600,PRY,Paraguay,EN.CLC.ICER,Issued Certified Emission Reductions (CERs) from CDM (thousands),0,2011
4602,QAT,Qatar,EN.CLC.ICER,Issued Certified Emission Reductions (CERs) from CDM (thousands),0,2011
4605,RWA,Rwanda,EN.CLC.ICER,Issued Certified Emission Reductions (CERs) from CDM (thousands),0,2011
4607,SAU,Saudi Arabia,EN.CLC.ICER,Issued Certified Emission Reductions (CERs) from CDM (thousands),0,2011
4608,SDN,Sudan,EN.CLC.ICER,Issued Certified Emission Reductions (CERs) from CDM (thousands),0,2011
4609,SEN,Senegal,EN.CLC.ICER,Issued Certified Emission Reductions (CERs) from CDM (thousands),0,2011
4610,SGP,Singapore,EN.CLC.ICER,Issued Certified Emission Reductions (CERs) from CDM (thousands),0,2011
4613,SLE,Sierra Leone,EN.CLC.ICER,Issued Certified Emission Reductions (CERs) from CDM (thousands),0,2011
4614,SLV,El Salvador,EN.CLC.ICER,Issued Certified Emission Reductions (CERs) from CDM (thousands),790,2011
4617,SRB,Serbia,EN.CLC.ICER,Issued Certified Emission Reductions (CERs) from CDM (thousands),0,2011
4624,SWZ,Swaziland,EN.CLC.ICER,Issued Certified Emission Reductions (CERs) from CDM (thousands),0,2011
4627,SYR,Syria,EN.CLC.ICER,Issued Certified Emission Reductions (CERs) from CDM (thousands),0,2011
4630,TGO,Togo,EN.CLC.ICER,Issued Certified Emission Reductions (CERs) from CDM (thousands),0,2011
4631,THA,Thailand,EN.CLC.ICER,Issued Certified Emission Reductions (CERs) from CDM (thousands),902,2011
4632,TJK,Tajikistan,EN.CLC.ICER,Issued Certified Emission Reductions (CERs) from CDM (thousands),0,2011
4637,TUN,Tunisia,EN.CLC.ICER,Issued Certified Emission Reductions (CERs) from CDM (thousands),0,2011
4640,TZA,Tanzania,EN.CLC.ICER,Issued Certified Emission Reductions (CERs) from CDM (thousands),56,2011
4641,UGA,Uganda,EN.CLC.ICER,Issued Certified Emission Reductions (CERs) from CDM (thousands),0,2011
4644,URY,Uruguay,EN.CLC.ICER,Issued Certified Emission Reductions (CERs) from CDM (thousands),41,2011
4646,UZB,Uzbekistan,EN.CLC.ICER,Issued Certified Emission Reductions (CERs) from CDM (thousands),0,2011
4650,VNM,Vietnam,EN.CLC.ICER,Issued Certified Emission Reductions (CERs) from CDM (thousands),"6,646",2011
4655,YEM,Yemen,EN.CLC.ICER,Issued Certified Emission Reductions (CERs) from CDM (thousands),0,2011
4656,ZAF,South Africa,EN.CLC.ICER,Issued Certified Emission Reductions (CERs) from CDM (thousands),"1,900",2011
4657,ZAR,"Congo, Dem. Rep.",EN.CLC.ICER,Issued Certified Emission Reductions (CERs) from CDM (thousands),0,2011
4658,ZMB,Zambia,EN.CLC.ICER,Issued Certified Emission Reductions (CERs) from CDM (thousands),0,2011
4659,ZWE,Zimbabwe,EN.CLC.ICER,Issued Certified Emission Reductions (CERs) from CDM (thousands),0,2011
4678,BGR,Bulgaria,EN.CLC.IERU,Issued Emission Reduction Units (ERUs) from JI (thousands),"2,556",2011
4709,CZE,Czech Republic,EN.CLC.IERU,Issued Emission Reduction Units (ERUs) from JI (thousands),607,2011
4710,DEU,Germany,EN.CLC.IERU,Issued Emission Reduction Units (ERUs) from JI (thousands),"2,087",2011
4722,ESP,Spain,EN.CLC.IERU,Issued Emission Reduction Units (ERUs) from JI (thousands),0,2011
4723,EST,Estonia,EN.CLC.IERU,Issued Emission Reduction Units (ERUs) from JI (thousands),0,2011
4725,FIN,Finland,EN.CLC.IERU,Issued Emission Reduction Units (ERUs) from JI (thousands),245,2011
4727,FRA,France,EN.CLC.IERU,Issued Emission Reduction Units (ERUs) from JI (thousands),"3,535",2011
4750,HUN,Hungary,EN.CLC.IERU,Issued Emission Reduction Units (ERUs) from JI (thousands),"1,321",2011
4784,LTU,Lithuania,EN.CLC.IERU,Issued Emission Reduction Units (ERUs) from JI (thousands),"2,408",2011
4786,LVA,Latvia,EN.CLC.IERU,Issued Emission Reduction Units (ERUs) from JI (thousands),0,2011
4821,NZL,New Zealand,EN.CLC.IERU,Issued Emission Reduction Units (ERUs) from JI (thousands),"1,898",2011
4829,POL,Poland,EN.CLC.IERU,Issued Emission Reduction Units (ERUs) from JI (thousands),0,2011
4836,ROM,Romania,EN.CLC.IERU,Issued Emission Reduction Units (ERUs) from JI (thousands),"2,405",2011
4837,RUS,Russia,EN.CLC.IERU,Issued Emission Reduction Units (ERUs) from JI (thousands),"7,211",2011
4854,SVK,Slovakia,EN.CLC.IERU,Issued Emission Reduction Units (ERUs) from JI (thousands),0,2011
4856,SWE,Sweden,EN.CLC.IERU,Issued Emission Reduction Units (ERUs) from JI (thousands),0,2011
4875,UKR,Ukraine,EN.CLC.IERU,Issued Emission Reduction Units (ERUs) from JI (thousands),"39,780",2011
4895,AFG,Afghanistan,EN.CLC.MDAT.ZS,"Droughts, floods, extreme temps (% pop. avg. 1990-2009)",1.0592901689499878,2009
4896,AGO,Angola,EN.CLC.MDAT.ZS,"Droughts, floods, extreme temps (% pop. avg. 1990-2009)",1.01176467635625,2009
4897,ALB,Albania,EN.CLC.MDAT.ZS,"Droughts, floods, extreme temps (% pop. avg. 1990-2009)",5.269576993399562,2009
4899,ARG,Argentina,EN.CLC.MDAT.ZS,"Droughts, floods, extreme temps (% pop. avg. 1990-2009)",0.16718995051282812,2009
4900,ARM,Armenia,EN.CLC.MDAT.ZS,"Droughts, floods, extreme temps (% pop. avg. 1990-2009)",0.47823110092150495,2009
4901,ASM,American Samoa,EN.CLC.MDAT.ZS,"Droughts, floods, extreme temps (% pop. avg. 1990-2009)",0.0002617549798884924,2009
4903,AUS,Australia,EN.CLC.MDAT.ZS,"Droughts, floods, extreme temps (% pop. avg. 1990-2009)",3.0470986064941328,2009
4904,AUT,Austria,EN.CLC.MDAT.ZS,"Droughts, floods, extreme temps (% pop. avg. 1990-2009)",0.03815297827963363,2009
4905,AZE,Azerbaijan,EN.CLC.MDAT.ZS,"Droughts, floods, extreme temps (% pop. avg. 1990-2009)",1.1055650666624115,2009
4906,BDI,Burundi,EN.CLC.MDAT.ZS,"Droughts, floods, extreme temps (% pop. avg. 1990-2009)",2.3774112889230246,2009
4907,BEL,Belgium,EN.CLC.MDAT.ZS,"Droughts, floods, extreme temps (% pop. avg. 1990-2009)",0.001692168060149665,2009
4908,BEN,Benin,EN.CLC.MDAT.ZS,"Droughts, floods, extreme temps (% pop. avg. 1990-2009)",0.8582747992649254,2009
4909,BFA,Burkina Faso,EN.CLC.MDAT.ZS,"Droughts, floods, extreme temps (% pop. avg. 1990-2009)",1.2500368273579976,2009
4910,BGD,Bangladesh,EN.CLC.MDAT.ZS,"Droughts, floods, extreme temps (% pop. avg. 1990-2009)",4.58469425909382,2009
4911,BGR,Bulgaria,EN.CLC.MDAT.ZS,"Droughts, floods, extreme temps (% pop. avg. 1990-2009)",0.008553160446462019,2009
4914,BIH,Bosnia and Herzegovina,EN.CLC.MDAT.ZS,"Droughts, floods, extreme temps (% pop. avg. 1990-2009)",0.4932284985799009,2009
4915,BLR,Belarus,EN.CLC.MDAT.ZS,"Droughts, floods, extreme temps (% pop. avg. 1990-2009)",0.021958551526536665,2009
4916,BLZ,Belize,EN.CLC.MDAT.ZS,"Droughts, floods, extreme temps (% pop. avg. 1990-2009)",0.8060855888177266,2009
4918,BOL,Bolivia,EN.CLC.MDAT.ZS,"Droughts, floods, extreme temps (% pop. avg. 1990-2009)",1.29742916356694,2009
4919,BRA,Brazil,EN.CLC.MDAT.ZS,"Droughts, floods, extreme temps (% pop. avg. 1990-2009)",0.4824510279925466,2009
4922,BTN,Bhutan,EN.CLC.MDAT.ZS,"Droughts, floods, extreme temps (% pop. avg. 1990-2009)",0.013501102533785666,2009
4923,BWA,Botswana,EN.CLC.MDAT.ZS,"Droughts, floods, extreme temps (% pop. avg. 1990-2009)",0.7404187840278208,2009
4924,CAF,Central African Republic,EN.CLC.MDAT.ZS,"Droughts, floods, extreme temps (% pop. avg. 1990-2009)",0.1824985080314698,2009
4925,CAN,Canada,EN.CLC.MDAT.ZS,"Droughts, floods, extreme temps (% pop. avg. 1990-2009)",0.010743237666976586,2009
4926,CHE,Switzerland,EN.CLC.MDAT.ZS,"Droughts, floods, extreme temps (% pop. avg. 1990-2009)",0.003887884124289117,2009
4928,CHL,Chile,EN.CLC.MDAT.ZS,"Droughts, floods, extreme temps (% pop. avg. 1990-2009)",0.2604708051274321,2009
4929,CHN,China,EN.CLC.MDAT.ZS,"Droughts, floods, extreme temps (% pop. avg. 1990-2009)",7.950971474640363,2009
4930,CIV,Cote d'Ivoire,EN.CLC.MDAT.ZS,"Droughts, floods, extreme temps (% pop. avg. 1990-2009)",0.000757403639121069,2009
4931,CMR,Cameroon,EN.CLC.MDAT.ZS,"Droughts, floods, extreme temps (% pop. avg. 1990-2009)",0.07237220466549693,2009
4932,COG,"Congo, Rep.",EN.CLC.MDAT.ZS,"Droughts, floods, extreme temps (% pop. avg. 1990-2009)",0.2628964369734333,2009
4934,COL,Colombia,EN.CLC.MDAT.ZS,"Droughts, floods, extreme temps (% pop. avg. 1990-2009)",0.6571337539622993,2009
4935,COM,Comoros,EN.CLC.MDAT.ZS,"Droughts, floods, extreme temps (% pop. avg. 1990-2009)",0.02219115854535358,2009
4936,CPV,Cape Verde,EN.CLC.MDAT.ZS,"Droughts, floods, extreme temps (% pop. avg. 1990-2009)",0.009841223589798189,2009
4937,CRI,Costa Rica,EN.CLC.MDAT.ZS,"Droughts, floods, extreme temps (% pop. avg. 1990-2009)",0.7010456256797485,2009
4938,CUB,Cuba,EN.CLC.MDAT.ZS,"Droughts, floods, extreme temps (% pop. avg. 1990-2009)",0.7274380858258579,2009
4941,CYP,Cyprus,EN.CLC.MDAT.ZS,"Droughts, floods, extreme temps (% pop. avg. 1990-2009)",0.0026781550232895038,2009
4942,CZE,Czech Republic,EN.CLC.MDAT.ZS,"Droughts, floods, extreme temps (% pop. avg. 1990-2009)",0.15574598779206175,2009
4943,DEU,Germany,EN.CLC.MDAT.ZS,"Droughts, floods, extreme temps (% pop. avg. 1990-2009)",0.0328245736854824,2009
4944,DJI,Djibouti,EN.CLC.MDAT.ZS,"Droughts, floods, extreme temps (% pop. avg. 1990-2009)",6.796847045542823,2009
4946,DNK,Denmark,EN.CLC.MDAT.ZS,"Droughts, floods, extreme temps (% pop. avg. 1990-2009)",0,2009
4947,DOM,Dominican Republic,EN.CLC.MDAT.ZS,"Droughts, floods, extreme temps (% pop. avg. 1990-2009)",0.07870543497017154,2009
4948,DZA,Algeria,EN.CLC.MDAT.ZS,"Droughts, floods, extreme temps (% pop. avg. 1990-2009)",0.03922294036426571,2009
4951,ECU,Ecuador,EN.CLC.MDAT.ZS,"Droughts, floods, extreme temps (% pop. avg. 1990-2009)",0.3364688182210315,2009
4952,EGY,Egypt,EN.CLC.MDAT.ZS,"Droughts, floods, extreme temps (% pop. avg. 1990-2009)",0.012213476520119755,2009
4954,ERI,Eritrea,EN.CLC.MDAT.ZS,"Droughts, floods, extreme temps (% pop. avg. 1990-2009)",7.323482855945324,2009
4955,ESP,Spain,EN.CLC.MDAT.ZS,"Droughts, floods, extreme temps (% pop. avg. 1990-2009)",0.7291935183379622,2009
4956,EST,Estonia,EN.CLC.MDAT.ZS,"Droughts, floods, extreme temps (% pop. avg. 1990-2009)",0,2009
4957,ETH,Ethiopia,EN.CLC.MDAT.ZS,"Droughts, floods, extreme temps (% pop. avg. 1990-2009)",3.2630181687046327,2009
4958,FIN,Finland,EN.CLC.MDAT.ZS,"Droughts, floods, extreme temps (% pop. avg. 1990-2009)",0.00038704347011103354,2009
4959,FJI,Fiji,EN.CLC.MDAT.ZS,"Droughts, floods, extreme temps (% pop. avg. 1990-2009)",1.7286366192485616,2009
4960,FRA,France,EN.CLC.MDAT.ZS,"Droughts, floods, extreme temps (% pop. avg. 1990-2009)",0.005717645929267487,2009
4962,FSM,"Micronesia, Fed. Sts.",EN.CLC.MDAT.ZS,"Droughts, floods, extreme temps (% pop. avg. 1990-2009)",1.349813557002439,2009
4964,GBR,United Kingdom,EN.CLC.MDAT.ZS,"Droughts, floods, extreme temps (% pop. avg. 1990-2009)",0.0324070189450731,2009
4965,GEO,Georgia,EN.CLC.MDAT.ZS,"Droughts, floods, extreme temps (% pop. avg. 1990-2009)",0.7704338485041263,2009
4966,GHA,Ghana,EN.CLC.MDAT.ZS,"Droughts, floods, extreme temps (% pop. avg. 1990-2009)",0.9744382369738913,2009
4968,GIN,Guinea,EN.CLC.MDAT.ZS,"Droughts, floods, extreme temps (% pop. avg. 1990-2009)",0.1802122272840551,2009
4969,GMB,Gambia,EN.CLC.MDAT.ZS,"Droughts, floods, extreme temps (% pop. avg. 1990-2009)",0.19719002671622962,2009
4970,GNB,Guinea Bissau,EN.CLC.MDAT.ZS,"Droughts, floods, extreme temps (% pop. avg. 1990-2009)",0.5409058042974086,2009
4972,GRC,Greece,EN.CLC.MDAT.ZS,"Droughts, floods, extreme temps (% pop. avg. 1990-2009)",0.006583138661805008,2009
4975,GTM,Guatemala,EN.CLC.MDAT.ZS,"Droughts, floods, extreme temps (% pop. avg. 1990-2009)",1.3068236628992722,2009
4977,GUY,Guyana,EN.CLC.MDAT.ZS,"Droughts, floods, extreme temps (% pop. avg. 1990-2009)",7.1706242124438475,2009
4979,HKG,Hong Kong,EN.CLC.MDAT.ZS,"Droughts, floods, extreme temps (% pop. avg. 1990-2009)",0.004354372654076911,2009
4980,HND,Honduras,EN.CLC.MDAT.ZS,"Droughts, floods, extreme temps (% pop. avg. 1990-2009)",1.2552912260888083,2009
4981,HRV,Croatia,EN.CLC.MDAT.ZS,"Droughts, floods, extreme temps (% pop. avg. 1990-2009)",0.0024942886886180774,2009
4982,HTI,Haiti,EN.CLC.MDAT.ZS,"Droughts, floods, extreme temps (% pop. avg. 1990-2009)",0.8403150263190359,2009
4983,HUN,Hungary,EN.CLC.MDAT.ZS,"Droughts, floods, extreme temps (% pop. avg. 1990-2009)",0.088105351286893,2009
4984,IDN,Indonesia,EN.CLC.MDAT.ZS,"Droughts, floods, extreme temps (% pop. avg. 1990-2009)",0.16058972190834464,2009
4986,IND,India,EN.CLC.MDAT.ZS,"Droughts, floods, extreme temps (% pop. avg. 1990-2009)",4.3561089920648985,2009
4987,IRL,Ireland,EN.CLC.MDAT.ZS,"Droughts, floods, extreme temps (% pop. avg. 1990-2009)",0.004907369399209619,2009
4988,IRN,Iran,EN.CLC.MDAT.ZS,"Droughts, floods, extreme temps (% pop. avg. 1990-2009)",3.0567919170328217,2009
4989,IRQ,Iraq,EN.CLC.MDAT.ZS,"Droughts, floods, extreme temps (% pop. avg. 1990-2009)",0.014837959324100945,2009
4991,ISR,Israel,EN.CLC.MDAT.ZS,"Droughts, floods, extreme temps (% pop. avg. 1990-2009)",0.0008109247786175354,2009
4992,ITA,Italy,EN.CLC.MDAT.ZS,"Droughts, floods, extreme temps (% pop. avg. 1990-2009)",0.007102219068959156,2009
4993,JAM,Jamaica,EN.CLC.MDAT.ZS,"Droughts, floods, extreme temps (% pop. avg. 1990-2009)",1.1434607763316165,2009
4994,JOR,Jordan,EN.CLC.MDAT.ZS,"Droughts, floods, extreme temps (% pop. avg. 1990-2009)",0.3694734694457247,2009
4995,JPN,Japan,EN.CLC.MDAT.ZS,"Droughts, floods, extreme temps (% pop. avg. 1990-2009)",0.02095155014554207,2009
4996,KAZ,Kazakhstan,EN.CLC.MDAT.ZS,"Droughts, floods, extreme temps (% pop. avg. 1990-2009)",0.21716121877040254,2009
4997,KEN,Kenya,EN.CLC.MDAT.ZS,"Droughts, floods, extreme temps (% pop. avg. 1990-2009)",6.477853230861861,2009
4998,KGZ,Kyrgyzstan,EN.CLC.MDAT.ZS,"Droughts, floods, extreme temps (% pop. avg. 1990-2009)",2.0654640264513997,2009
4999,KHM,Cambodia,EN.CLC.MDAT.ZS,"Droughts, floods, extreme temps (% pop. avg. 1990-2009)",6.643791054349424,2009
5000,KIR,Kiribati,EN.CLC.MDAT.ZS,"Droughts, floods, extreme temps (% pop. avg. 1990-2009)",5.002998764794501,2009
5002,KOR,South Korea,EN.CLC.MDAT.ZS,"Droughts, floods, extreme temps (% pop. avg. 1990-2009)",0.0802554113253908,2009
5004,KWT,Kuwait,EN.CLC.MDAT.ZS,"Droughts, floods, extreme temps (% pop. avg. 1990-2009)",0.0005670732061737827,2009
5006,LAO,Laos,EN.CLC.MDAT.ZS,"Droughts, floods, extreme temps (% pop. avg. 1990-2009)",2.6931015795922164,2009
5007,LBN,Lebanon,EN.CLC.MDAT.ZS,"Droughts, floods, extreme temps (% pop. avg. 1990-2009)",0.023082325176573677,2009
5008,LBR,Liberia,EN.CLC.MDAT.ZS,"Droughts, floods, extreme temps (% pop. avg. 1990-2009)",1.872304198713421,2009
5009,LBY,Libya,EN.CLC.MDAT.ZS,"Droughts, floods, extreme temps (% pop. avg. 1990-2009)",0,2009
5013,LKA,Sri Lanka,EN.CLC.MDAT.ZS,"Droughts, floods, extreme temps (% pop. avg. 1990-2009)",2.1600300285825553,2009
5016,LSO,Lesotho,EN.CLC.MDAT.ZS,"Droughts, floods, extreme temps (% pop. avg. 1990-2009)",3.402650963304421,2009
5017,LTU,Lithuania,EN.CLC.MDAT.ZS,"Droughts, floods, extreme temps (% pop. avg. 1990-2009)",0,2009
5018,LUX,Luxembourg,EN.CLC.MDAT.ZS,"Droughts, floods, extreme temps (% pop. avg. 1990-2009)",0,2009
5019,LVA,Latvia,EN.CLC.MDAT.ZS,"Droughts, floods, extreme temps (% pop. avg. 1990-2009)",0,2009
5022,MAR,Morocco,EN.CLC.MDAT.ZS,"Droughts, floods, extreme temps (% pop. avg. 1990-2009)",0.07571258635811211,2009
5024,MDA,Moldova,EN.CLC.MDAT.ZS,"Droughts, floods, extreme temps (% pop. avg. 1990-2009)",0.3438108215531046,2009
5025,MDG,Madagascar,EN.CLC.MDAT.ZS,"Droughts, floods, extreme temps (% pop. avg. 1990-2009)",0.8646150903914931,2009
5026,MDV,Maldives,EN.CLC.MDAT.ZS,"Droughts, floods, extreme temps (% pop. avg. 1990-2009)",0.03064795425370001,2009
5027,MEX,Mexico,EN.CLC.MDAT.ZS,"Droughts, floods, extreme temps (% pop. avg. 1990-2009)",0.14984327733235484,2009
5028,MHL,Marshall Islands,EN.CLC.MDAT.ZS,"Droughts, floods, extreme temps (% pop. avg. 1990-2009)",0.05841422892731031,2009
5030,MKD,Macedonia,EN.CLC.MDAT.ZS,"Droughts, floods, extreme temps (% pop. avg. 1990-2009)",0.3045787807360897,2009
5031,MLI,Mali,EN.CLC.MDAT.ZS,"Droughts, floods, extreme temps (% pop. avg. 1990-2009)",0.6528551283881682,2009
5033,MMR,Myanmar,EN.CLC.MDAT.ZS,"Droughts, floods, extreme temps (% pop. avg. 1990-2009)",0.09241093544298129,2009
5035,MNE,Montenegro,EN.CLC.MDAT.ZS,"Droughts, floods, extreme temps (% pop. avg. 1990-2009)",0.012174282462375443,2009
5036,MNG,Mongolia,EN.CLC.MDAT.ZS,"Droughts, floods, extreme temps (% pop. avg. 1990-2009)",2.5613422379303836,2009
5038,MOZ,Mozambique,EN.CLC.MDAT.ZS,"Droughts, floods, extreme temps (% pop. avg. 1990-2009)",3.662447956243848,2009
5039,MRT,Mauritania,EN.CLC.MDAT.ZS,"Droughts, floods, extreme temps (% pop. avg. 1990-2009)",3.0819736499465606,2009
5040,MUS,Mauritius,EN.CLC.MDAT.ZS,"Droughts, floods, extreme temps (% pop. avg. 1990-2009)",0,2009
5041,MWI,Malawi,EN.CLC.MDAT.ZS,"Droughts, floods, extreme temps (% pop. avg. 1990-2009)",8.820492787214448,2009
5042,MYS,Malaysia,EN.CLC.MDAT.ZS,"Droughts, floods, extreme temps (% pop. avg. 1990-2009)",0.09692690436031065,2009
5044,NAM,Namibia,EN.CLC.MDAT.ZS,"Droughts, floods, extreme temps (% pop. avg. 1990-2009)",3.4014339634114443,2009
5046,NER,Nigeria,EN.CLC.MDAT.ZS,"Droughts, floods, extreme temps (% pop. avg. 1990-2009)",7.525065739219435,2009
5047,NGA,Nigeria,EN.CLC.MDAT.ZS,"Droughts, floods, extreme temps (% pop. avg. 1990-2009)",0.055033264427480875,2009
5048,NIC,Nicaragua,EN.CLC.MDAT.ZS,"Droughts, floods, extreme temps (% pop. avg. 1990-2009)",0.8335983671714414,2009
5050,NLD,Netherlands,EN.CLC.MDAT.ZS,"Droughts, floods, extreme temps (% pop. avg. 1990-2009)",0.004737860810845862,2009
5051,NOR,Norway,EN.CLC.MDAT.ZS,"Droughts, floods, extreme temps (% pop. avg. 1990-2009)",0.006795587956720884,2009
5052,NPL,Nepal,EN.CLC.MDAT.ZS,"Droughts, floods, extreme temps (% pop. avg. 1990-2009)",0.703796514298647,2009
5054,NZL,New Zealand,EN.CLC.MDAT.ZS,"Droughts, floods, extreme temps (% pop. avg. 1990-2009)",0.01085398452935935,2009
5056,PAK,Pakistan,EN.CLC.MDAT.ZS,"Droughts, floods, extreme temps (% pop. avg. 1990-2009)",1.0553423911030813,2009
5057,PAN,Panama,EN.CLC.MDAT.ZS,"Droughts, floods, extreme temps (% pop. avg. 1990-2009)",0.19636145162185523,2009
5058,PER,Peru,EN.CLC.MDAT.ZS,"Droughts, floods, extreme temps (% pop. avg. 1990-2009)",1.9523808134553955,2009
5059,PHL,Philippines,EN.CLC.MDAT.ZS,"Droughts, floods, extreme temps (% pop. avg. 1990-2009)",0.8063848651705474,2009
5061,PNG,Papua New Guinea,EN.CLC.MDAT.ZS,"Droughts, floods, extreme temps (% pop. avg. 1990-2009)",0.7307978984897125,2009
5062,POL,Poland,EN.CLC.MDAT.ZS,"Droughts, floods, extreme temps (% pop. avg. 1990-2009)",0.03201710215775736,2009
5063,PRI,Puerto Rico,EN.CLC.MDAT.ZS,"Droughts, floods, extreme temps (% pop. avg. 1990-2009)",0.016497321256545395,2009
5064,PRK,North Korea,EN.CLC.MDAT.ZS,"Droughts, floods, extreme temps (% pop. avg. 1990-2009)",2.4968811016694756,2009
5065,PRT,Portugal,EN.CLC.MDAT.ZS,"Droughts, floods, extreme temps (% pop. avg. 1990-2009)",0.0018023353028219066,2009
5066,PRY,Paraguay,EN.CLC.MDAT.ZS,"Droughts, floods, extreme temps (% pop. avg. 1990-2009)",0.7147734548562396,2009
5069,ROM,Romania,EN.CLC.MDAT.ZS,"Droughts, floods, extreme temps (% pop. avg. 1990-2009)",0.08497098789951106,2009
5070,RUS,Russia,EN.CLC.MDAT.ZS,"Droughts, floods, extreme temps (% pop. avg. 1990-2009)",0.13270049736117973,2009
5071,RWA,Rwanda,EN.CLC.MDAT.ZS,"Droughts, floods, extreme temps (% pop. avg. 1990-2009)",1.295973165656107,2009
5073,SAU,Saudi Arabia,EN.CLC.MDAT.ZS,"Droughts, floods, extreme temps (% pop. avg. 1990-2009)",0.005660491140625817,2009
5074,SDN,Sudan,EN.CLC.MDAT.ZS,"Droughts, floods, extreme temps (% pop. avg. 1990-2009)",2.765415581919507,2009
5075,SEN,Senegal,EN.CLC.MDAT.ZS,"Droughts, floods, extreme temps (% pop. avg. 1990-2009)",0.5976701150118693,2009
5078,SLB,Solomon Islands,EN.CLC.MDAT.ZS,"Droughts, floods, extreme temps (% pop. avg. 1990-2009)",0.09034405660973277,2009
5079,SLE,Sierra Leone,EN.CLC.MDAT.ZS,"Droughts, floods, extreme temps (% pop. avg. 1990-2009)",0.24701628374671197,2009
5080,SLV,El Salvador,EN.CLC.MDAT.ZS,"Droughts, floods, extreme temps (% pop. avg. 1990-2009)",0.3606370041602016,2009
5082,SOM,Somalia,EN.CLC.MDAT.ZS,"Droughts, floods, extreme temps (% pop. avg. 1990-2009)",4.603689340528308,2009
5083,SRB,Serbia,EN.CLC.MDAT.ZS,"Droughts, floods, extreme temps (% pop. avg. 1990-2009)",0.01066057433966422,2009
5086,SUR,Suriname,EN.CLC.MDAT.ZS,"Droughts, floods, extreme temps (% pop. avg. 1990-2009)",0.3398354273585616,2009
5087,SVK,Slovakia,EN.CLC.MDAT.ZS,"Droughts, floods, extreme temps (% pop. avg. 1990-2009)",0.04492713549617585,2009
5088,SVN,Slovenia,EN.CLC.MDAT.ZS,"Droughts, floods, extreme temps (% pop. avg. 1990-2009)",0,2009
5089,SWE,Sweden,EN.CLC.MDAT.ZS,"Droughts, floods, extreme temps (% pop. avg. 1990-2009)",0,2009
5090,SWZ,Swaziland,EN.CLC.MDAT.ZS,"Droughts, floods, extreme temps (% pop. avg. 1990-2009)",9.226586307920325,2009
5092,SYC,Seychelles,EN.CLC.MDAT.ZS,"Droughts, floods, extreme temps (% pop. avg. 1990-2009)",0.0780213239541665,2009
5093,SYR,Syria,EN.CLC.MDAT.ZS,"Droughts, floods, extreme temps (% pop. avg. 1990-2009)",0.5077722344304972,2009
5095,TCD,Chad,EN.CLC.MDAT.ZS,"Droughts, floods, extreme temps (% pop. avg. 1990-2009)",2.7146410250045805,2009
5096,TGO,Togo,EN.CLC.MDAT.ZS,"Droughts, floods, extreme temps (% pop. avg. 1990-2009)",0.5084778849828214,2009
5097,THA,Thailand,EN.CLC.MDAT.ZS,"Droughts, floods, extreme temps (% pop. avg. 1990-2009)",3.751098954935026,2009
5098,TJK,Tajikistan,EN.CLC.MDAT.ZS,"Droughts, floods, extreme temps (% pop. avg. 1990-2009)",5.37808586974649,2009
5099,TKM,Turkmenistan,EN.CLC.MDAT.ZS,"Droughts, floods, extreme temps (% pop. avg. 1990-2009)",0.000475378280002606,2009
5100,TMP,Timor Leste,EN.CLC.MDAT.ZS,"Droughts, floods, extreme temps (% pop. avg. 1990-2009)",0.02512038127218421,2009
5102,TTO,Trinidad and Tobago,EN.CLC.MDAT.ZS,"Droughts, floods, extreme temps (% pop. avg. 1990-2009)",0.0008177493986718737,2009
5103,TUN,Tunisia,EN.CLC.MDAT.ZS,"Droughts, floods, extreme temps (% pop. avg. 1990-2009)",0.09845033646804084,2009
5104,TUR,Turkey,EN.CLC.MDAT.ZS,"Droughts, floods, extreme temps (% pop. avg. 1990-2009)",0.13656306743758348,2009
5106,TZA,Tanzania,EN.CLC.MDAT.ZS,"Droughts, floods, extreme temps (% pop. avg. 1990-2009)",1.49586357405237,2009
5107,UGA,Uganda,EN.CLC.MDAT.ZS,"Droughts, floods, extreme temps (% pop. avg. 1990-2009)",0.8512034699139095,2009
5108,UKR,Ukraine,EN.CLC.MDAT.ZS,"Droughts, floods, extreme temps (% pop. avg. 1990-2009)",0.2692393539244417,2009
5110,URY,Uruguay,EN.CLC.MDAT.ZS,"Droughts, floods, extreme temps (% pop. avg. 1990-2009)",0.2647429668219564,2009
5111,USA,United States,EN.CLC.MDAT.ZS,"Droughts, floods, extreme temps (% pop. avg. 1990-2009)",0.2141557225345029,2009
5112,UZB,Uzbekistan,EN.CLC.MDAT.ZS,"Droughts, floods, extreme temps (% pop. avg. 1990-2009)",0.12369400135812518,2009
5113,VCT,St. Vincent and the Grenadines,EN.CLC.MDAT.ZS,"Droughts, floods, extreme temps (% pop. avg. 1990-2009)",0.009236539936720465,2009
5114,VEN,Venezuela,EN.CLC.MDAT.ZS,"Droughts, floods, extreme temps (% pop. avg. 1990-2009)",0.15520420431020698,2009
5116,VNM,Vietnam,EN.CLC.MDAT.ZS,"Droughts, floods, extreme temps (% pop. avg. 1990-2009)",1.5993616805381408,2009
5117,VUT,Vanuatu,EN.CLC.MDAT.ZS,"Droughts, floods, extreme temps (% pop. avg. 1990-2009)",0.10570388998876344,2009
5120,WSM,Samoa,EN.CLC.MDAT.ZS,"Droughts, floods, extreme temps (% pop. avg. 1990-2009)",0,2009
5121,YEM,Yemen,EN.CLC.MDAT.ZS,"Droughts, floods, extreme temps (% pop. avg. 1990-2009)",0.09941069854541888,2009
5122,ZAF,South Africa,EN.CLC.MDAT.ZS,"Droughts, floods, extreme temps (% pop. avg. 1990-2009)",1.8056505619928007,2009
5123,ZAR,"Congo, Dem. Rep.",EN.CLC.MDAT.ZS,"Droughts, floods, extreme temps (% pop. avg. 1990-2009)",0.0178909622770062,2009
5124,ZMB,Zambia,EN.CLC.MDAT.ZS,"Droughts, floods, extreme temps (% pop. avg. 1990-2009)",4.19967674421609,2009
